{
  "number": "001А",
  "number2": "001А",
  "type": 0,
  "typeEx": 0,
  "depth": 119,
  "new": false,
  "elReg": true,
  "deferredPayment": false,
  "varPrice": true,
  "code0": 2004001,
  "code1": 2006004,
  "bEntire": false,
  "trainName": "",
  "bFirm": true,
  "brand": "Красная стрела",
  "carrier": "ФПК",
  "route0": "С-ПЕТЕР-ГЛ",
  "route1": "МОСКВА ОКТ",
  "routeCode0": 2004001,
  "routeCode1": 2006004,
  "trDate0": "06.12.2019",
  "trTime0": "23:55",
  "station0": "САНКТ-ПЕТЕРБУРГ-ГЛАВН.",
  "station1": "МОСКВА ОКТЯБРЬСКАЯ (ЛЕНИНГРАДСКИЙ ВОКЗАЛ)",
  "date0": "06.12.2019",
  "time0": "23:55",
  "date1": "07.12.2019",
  "time1": "07:55",
  "timeInWay": "08:00",
  "flMsk": 3,
  "train_id": 0,
  "cars": [
    {
      "carDataType": 1,
      "itype": 4,
      "type": "Купе",
      "typeLoc": "Купе",
      "freeSeats": 29,
      "pt": 1158,
      "tariff": 3871,
      "servCls": "2Т"
    },
    {
      "carDataType": 1,
      "itype": 6,
      "type": "Люкс",
      "typeLoc": "СВ",
      "freeSeats": 67,
      "pt": 1942,
      "tariff": 6489,
      "servCls": "1Т"
    }
  ],
  "addCompLuggageNum": 8,
  "addCompLuggage": true,
  "addHandLuggage": true
}
